{
    "atomic_number" : 8,
    "shell_momentum" : 0,
    "contracted_gaussians" : [
        {
            "exponent" :  5.033151319,
            "contraction_coefficient" : -0.09996722919
        },
        {
            "exponent" : 1.169596125,
            "contraction_coefficient" : 0.3995128261
        },
        {
            "exponent" : 0.3803889600,
            "contraction_coefficient" : 0.7001154689
        }       
    ]
}