{
    "atomic_number" : 9,
    "shell_momentum" : 0,
    "contracted_gaussians" : [
        {
            "exponent" : 0.6464803249E+01 ,
            "contraction_coefficient" : -0.9996722919E-01
        },
        {
            "exponent" : 0.1502281245E+01,
            "contraction_coefficient" : 0.3995128261E+00
        },
        {
            "exponent" : 0.4885884864E+00,
            "contraction_coefficient" : 0.7001154689E+00 
        }       
    ]
}