{
    "atomic_number" : 7,
    "shell_momentum" : 1,
    "contracted_gaussians" : [
        {
            "exponent" :  0.3780455879E+01,
            "contraction_coefficient" : 0.1559162750E+00
        },
        {
            "exponent" : 0.8784966449E+00,
            "contraction_coefficient" : 0.6076837186E+00
        },
        {
            "exponent" : 0.2857143744E+00,
            "contraction_coefficient" : 0.3919573931E+00
        }       
    ]
}